epochs,EmbeddingSimilarity,nll-test,tei,acc,ppl
1,-0.337805085,6.5083013,0.939750103,0,9.6287
2,-0.328280376,6.563527,0.943249973,0.96875,9.6287
