epochs,nll-oracle,nll-test,EmbeddingSimilarity,tei,acc,ppl,
1,10.717546,7.4416223,-0.21199913890316324,1.9775988976160686,0,10591.8633,
6,10.527277,7.247889,-0.211212207168559,1.775283928712209,0.46875,10591.8633,
10,10.445213,7.282643,-0.20455168284975261,3.8118852893511455,0.46875,10591.8633,
