epochs,EmbeddingSimilarity,nll-test,tei,acc,ppl
1,-1.17790913,5.6330214,0.968691993,0,9.4788
2,-1.153106541,5.662546,1.069971708,0,9.4788
