epochs,nll-oracle,nll-test,EmbeddingSimilarity,tei,acc,PPL,
1,10.542404,7.988958,-0.1321868038497838,1.9315064032872518,0,4431.2477,
2,11.092361,7.995208,-0.13215546678503523,1.0321062564849854,0.53125,4431.2477,
