epochs,nll-oracle,nll-test,EmbeddingSimilarity,tei,acc,PPL,
1,12.159012,40.69409,-0.20099277580072902,1.8953197280565897,0,11104.6666,
2,12.102366,40.791924,-0.20916895908685737,1.1761035720507305,1.0,11104.6666,
