epochs,EmbeddingSimilarity,nll-test,tei,acc,ppl,
1,-0.4023692504412965,32.949615,0.9332664887110392,0,903.9903,
6,-0.4431972083946625,33.8399,1.19359845717748,0.625,903.9903,
10,-0.5257264523050709,33.971855,2.818093419075012,0.71875,903.9903,
