epochs,EmbeddingSimilarity,nll-test,tei,
1,-1.1413055173973534,6.119854,0.700960099697113,
3,-1.1780925624187852,5.674348,0.8338672200838725,
4,-1.1161910970184497,5.6040373,1.5342828591664632,
