epochs,nll-oracle,nll-test,EmbeddingSimilarity,
1,10.742874,7.5933557,-0.20757322466063718,
6,10.20413,7.031268,-0.20769521678846775,
10,10.124441,7.0572867,-0.20052312845326598,
