epochs,EmbeddingSimilarity,nll-test,tei,acc,ppl
1,-1.167106917,5.6709504,0.962856809,0,1.3462
2,-1.169951522,5.658311,1.078998311,0,1.3462
