epochs,nll-oracle,nll-test,EmbeddingSimilarity,tei,
1,10.191106,7.988097,-0.1326516652602898,3.8773093660672506,
3,11.668121,7.9321976,-0.1310718899443358,3.5650301615397137,
4,12.524385,7.962252,-0.13137854287565262,4.706718750794729,
