epochs,nll-oracle,nll-test,EmbeddingSimilarity,tei,acc,PPL,
1,10.719019,7.441411,-0.21316684538237277,1.9755596001942952,0,11782.6053,
2,10.756069,7.4489584,-0.2133163277989837,1.3850582083066305,0.625,11782.6053,
