epochs,nll-oracle,nll-test,EmbeddingSimilarity,tei,acc,ppl
1,10.719019,7.441411,-0.213166845,1.9755596,0,11782.6053
2,10.756069,7.4489584,-0.213316328,1.385058208,0.625,11782.6053
