epochs,EmbeddingSimilarity,nll-test,
1,-1.1492291574337352,6.0749707,
6,-0.8131079287120885,4.1213984,
10,-0.7482284949507192,4.258227,
