epochs,nll-oracle,nll-test,EmbeddingSimilarity
1,10.365934,7.9890027,-0.13264132064913894
6,14.836451,7.8124366,-0.12899664793612048
10,9.709798,8.105871,-0.13109438098499476
