epochs,EmbeddingSimilarity,nll-test,tei,
1,-1.2232292105030942,6.197953,0.6899575153986613,
3,-1.1395991220623776,6.0936832,0.9527965068817139,
4,-1.1583808934733226,6.102003,1.8513996362686158,
