epochs,EmbeddingSimilarity,nll-test,tei,acc,ppl,
1,-1.0819162003089347,5.625535,0.9641148765881856,0,1068.0638,
6,-0.5316312323567908,3.1113029,1.190874715646108,0.0,1068.0638,
10,-0.17387469852161172,3.3262415,3.2033821900685626,0.0,1068.0638,
