epochs,EmbeddingSimilarity,nll-test,tei,
1,-1.1226724352617905,6.1940403,0.7054317911465963,
3,-1.1758314921480626,5.9220543,0.8328717629114787,
4,-1.069669956265344,5.9300427,1.5426879088083902,
