epochs,nll-oracle,nll-test,EmbeddingSimilarity,tei,
1,10.775991,7.598728,-0.21296088291678061,2.874186301231384,
3,10.579702,7.4737377,-0.2071975437129076,2.633168359597524,
4,10.531539,7.4805455,-0.20629056130732434,5.189106790224711,
