epochs,EmbeddingSimilarity,nll-test
1,-0.3257110872329447,6.7118287
6,-0.31586988051879566,6.359037
10,-0.08581189503085304,7.1510878
