epochs,nll-oracle,nll-test,EmbeddingSimilarity,tei,acc,PPL,
1,10.721651,7.4409103,-0.2113412897335388,1.9658788124720254,0,19603.6253,
2,10.707671,7.4449306,-0.21447262311885337,1.1611339012781778,0.46875,19603.6253,
