epochs,EmbeddingSimilarity,nll-test,tei,
1,-0.3354938782021049,5.92697,0.692581840356191,
3,-0.28687007822271887,5.8982105,0.7077780803044637,
4,-0.23885877072914108,5.9341717,1.237090524037679,
