epochs,nll-oracle,nll-test,EmbeddingSimilarity,
1,10.742414,7.593365,-0.20974108289176666,
6,10.2014675,7.0312963,-0.21080628049965836,
10,10.112749,7.0586023,-0.20422852256494423,
