epochs,EmbeddingSimilarity,nll-test,tei,acc,PPL,
1,-1.1671069172342292,5.6709504,0.9628568092981974,0,1100.3462,
2,-1.1699515221305594,5.658311,1.0789983113606771,0.0,1100.3462,
