epochs,EmbeddingSimilarity,nll-test
1,-0.369170748,37.6523
6,-0.396560263,37.735287
10,-0.443532587,37.640396
