epochs,EmbeddingSimilarity,nll-test,tei,acc,ppl
1,-1.177455269,5.662108,0.955734328,0,8.3429
2,-1.187290663,5.578163,1.067297856,0.03125,8.3429
