epochs,EmbeddingSimilarity,nll-test,tei,acc,PPL,
1,-1.1779091296196411,5.6330214,0.9686919927597046,0,906.4788,
2,-1.1531065413905368,5.662546,1.069971708456675,0.0,906.4788,
