epochs,nll-oracle,nll-test,EmbeddingSimilarity,tei,acc,ppl
1,12.159012,40.69409,-0.200992776,1.895319728,0,11104.6666
2,12.102366,40.791924,-0.209168959,1.176103572,1,11104.6666
