epochs,nll-oracle,nll-test,EmbeddingSimilarity
1,10.742874,7.5933557,-0.209358526
6,10.199376,7.031317,-0.208862217
10,10.114458,7.057727,-0.207636699
