epochs,EmbeddingSimilarity,nll-test,tei,acc,ppl
1,-0.34706971,38.517433,0.938438384,0,1.513
2,-0.359598393,38.66712,1.087964416,0.125,1.513
