epochs,EmbeddingSimilarity,nll-test,tei,acc,PPL,
1,-1.1774552688158324,5.662108,0.9557343284289043,0,858.3429,
2,-1.187290662842523,5.578163,1.0672978560129802,0.03125,858.3429,
