epochs,nll-oracle,nll-test,EmbeddingSimilarity,tei,
1,10.775991,7.598728,-0.21293872128091426,2.8558653076489766,
3,10.58624,7.473827,-0.20751336738059672,2.7763562401135764,
4,10.53315,7.481555,-0.20706436132658604,5.848397306601206,
