epochs,EmbeddingSimilarity,nll-test,tei,acc,PPL,
1,-0.3378050852021698,6.5083013,0.9397501031557719,0,960.6287,
2,-0.32828037616346206,6.563527,0.9432499726613363,0.96875,960.6287,
