epochs,EmbeddingSimilarity,nll-test,
1,-1.1401053379158488,6.035058,
6,-0.7430809801654519,3.865037,
10,-0.7305529035011096,4.139575,
