epochs,nll-oracle,nll-test,EmbeddingSimilarity
1,12.198931,40.538124,-0.19819031171098683
6,11.897842,36.785576,-0.309232358180863
10,11.898141,36.8766,-0.3125717377492794
