epochs,EmbeddingSimilarity,nll-test,tei,
1,-0.353344198819331,38.232872,0.6738850911458333,
3,-0.4119618049065459,37.452164,0.7343119502067565,
4,-0.4480797968253978,37.716827,0.8077659924825032,
