epochs,nll-oracle,nll-test,EmbeddingSimilarity,tei,acc,PPL,
1,10.720251,7.4414315,-0.21543165080500756,1.9664052287737528,0,20599.0123,
2,10.724495,7.4461646,-0.21777784442797835,1.1557304382324218,0.34375,20599.0123,
