epochs,EmbeddingSimilarity,nll-test
1,-1.092657517043026,6.101324
6,-0.726695526133442,3.8079882
10,-0.5105762563967318,3.4653516
