epochs,nll-oracle,nll-test,EmbeddingSimilarity,tei,
1,12.147542,40.156467,-0.19626693796259828,2.5959528923034667,
3,12.170656,39.163532,-0.23198435490973648,2.1661738753318787,
4,12.179794,39.190224,-0.23490710926510586,1.7391259829203287,
