epochs,nll-oracle,nll-test,EmbeddingSimilarity,tei,acc,ppl
1,10.542404,7.988958,-0.132186804,1.931506403,0,4431.2477
2,11.092361,7.995208,-0.132155467,1.032106256,0.53125,4431.2477
