epochs,EmbeddingSimilarity,nll-test,tei,acc,ppl,
1,-1.1394602891302366,5.6753507,0.9595076004664104,0,891.6992,
6,-0.7674406306576034,3.5134504,1.164234193166097,0.0,891.6992,
10,-0.5629098260707919,3.579319,3.0373429973920185,0.03125,891.6992,
